name,original_height,original_width,mean_iou,pixel_accuracy,matched_pixels,total_valid_pixels,iou_trees,iou_lush_bushes,iou_dry_grass,iou_dry_bushes,iou_ground_clutter,iou_flowers,iou_logs,iou_rocks,iou_landscape,iou_sky
cc0000016.png,540,960,0.5302796339957446,0.9099787808641975,471733,518400,,0.4868965517241379,0.6392857660898449,0.3444023796646836,0.17279411764705882,,,0.4134894322420224,0.6568087411955933,0.9982804494068712
cc0000019.png,540,960,0.5331751988580425,0.8676736111111111,449802,518400,,0.5014880952380952,0.6303174173903463,0.3696712619300106,0.2013379369874838,,,0.38516632182078625,0.6459019576120368,0.998343401027539
cc0000020.png,540,960,0.5359195499387956,0.854429012345679,442936,518400,,0.48250728862973763,0.6503393133104884,0.39874948182948733,0.20472905037617445,,,0.38573756498797235,0.6311111655209984,0.9982629849167107
cc0000024.png,540,960,0.5457997495181777,0.8040875771604938,416839,518400,,0.5145631067961165,0.6859973269125841,0.4094500353107345,0.22508669763789832,,,0.38645078824030676,0.6031348209836648,0.9959154707459391
cc0000032.png,540,960,0.5677943355699704,0.7697723765432098,399050,518400,,0.49809402795425667,0.6977031423506264,0.4389991575898201,0.24648506151142355,,,0.5297378277153558,0.5713297941454903,0.99221133772282
cc0000052.png,540,960,0.5663076266142635,0.7710146604938272,399694,518400,,0.5449101796407185,0.70511075687625,0.44276481744029755,0.2604778070370253,,,0.4391279181940961,0.5823350421985074,0.9894268649129495
cc0000065.png,540,960,0.5765699703752168,0.7898186728395061,409442,518400,,0.5051085568326947,0.7375367986971036,0.495105232849739,0.2625705763289656,,,0.47573062261753496,0.5746606560483509,0.9852773492521296
cc0000078.png,540,960,0.576545466816843,0.751286651234568,389467,518400,,0.5609532538955087,0.7043110624918298,0.5163489364241176,0.279327002250645,,,0.53070079086116,0.5460441784739946,0.8981330433206453
cc0000079.png,540,960,0.5778349530713005,0.7469868827160494,387238,518400,,0.5360068995256576,0.685415372995036,0.5157773871626219,0.27676410605030594,,,0.5482345353899071,0.5509812341649848,0.9316651362105908
cc0000081.png,540,960,0.5902938072145404,0.7640200617283951,396068,518400,,0.5527406725011516,0.6482114086190686,0.5219301587301587,0.2889091619966115,,,0.5540803961856593,0.5801441648609207,0.9860406876082117
cc0000085.png,540,960,0.5889774001793177,0.785426311728395,407165,518400,,0.6058879392212726,0.6408197748584473,0.49538745387453875,0.3073757892496512,,,0.48693139823960224,0.5921474282325256,0.9942920175791852
cc0000097.png,540,960,0.6112666575059931,0.7769791666666667,402786,518400,,0.5973926380368099,0.6507959094617414,0.5246675080089311,0.3606804028921302,,,0.5357910054743261,0.625044668736649,0.9844944699313631
cc0000100.png,540,960,0.6206380043662048,0.7913715277777778,410247,518400,,0.6017378711078928,0.6688462593282236,0.48899879372738236,0.38663479204019746,,,0.5523716021353623,0.665813546018295,0.9800631662060797
cc0000119.png,540,960,0.6250734505181708,0.8253722993827161,427873,518400,,0.6581532416502947,0.7015631427396133,0.4778967495219885,0.3112820281486828,,,0.5560709635416666,0.6773491426520691,0.9931988853728806
cc0000122.png,540,960,0.6337982827423565,0.8276408179012346,429049,518400,,0.648271679805943,0.6831221867490946,0.4753752438587411,0.38176749372734875,,,0.5640948664064845,0.6903691864250021,0.9935873222238815
cc0000137.png,540,960,0.6190974748687407,0.8537114197530864,442564,518400,,0.6533762057877813,0.7432743454753197,0.4511979616159125,0.3370241655217005,,,0.47903863037752414,0.6743909366659878,0.9953800786369593
cc0000161.png,540,960,0.6576248757251452,0.9090412808641976,471247,518400,,0.6926884996191927,0.8176574386975413,0.4189189189189189,0.44152179064607167,,,0.44918842625264643,0.7874134894450922,0.9959855664965531
cc0000171.png,540,960,0.6199308513870962,0.9070138888888889,470196,518400,,0.5127020785219399,0.8274930228990518,0.5073462112818536,0.3847093228781695,,,0.4242477876106195,0.6868819298771351,0.9961356066409041
cc0000184.png,540,960,0.6252237067730988,0.9081462191358025,470783,518400,,0.4995751911639762,0.797667421618261,0.5168750308840243,0.3664103200198462,,,0.6067538126361656,0.5934410598685201,0.995843111220898
cc0000198.png,540,960,0.6695784246027936,0.9076485339506173,470525,518400,,0.5569405099150142,0.746519203090675,0.5621297356499229,0.511574548285328,,,0.6585670755527776,0.6549904030710173,0.9963274966548207
cc0000202.png,540,960,0.6645920789529566,0.904056712962963,468663,518400,,0.5415617128463476,0.7272224378080698,0.5461371977039616,0.4734643984924111,,,0.7139998570713928,0.6535227183139306,0.9962362304345829
cc0000207.png,540,960,0.6717443766256955,0.9064313271604938,469894,518400,,0.566213921901528,0.7094756933689401,0.5824673506694554,0.4743397767492513,,,0.7156388686494005,0.6576137826137826,0.9964612424275111
cc0000210.png,540,960,0.659950833738365,0.9036940586419753,468475,518400,,0.5454545454545454,0.7040496663349051,0.5753805168856906,0.4872261628271923,,,0.678001387925052,0.6329637465599797,0.9965798101811907
cc0000216.png,540,960,0.6357946912071952,0.8968634259259259,464934,518400,,0.53515625,0.6900042788593783,0.548559045072441,0.40834402296744243,,,0.7029654539896056,0.5688802543270929,0.9966535332344062
cc0000222.png,540,960,0.6203431156184085,0.8968904320987654,464948,518400,,0.5380241648898365,0.7001233567123674,0.5407103112502174,0.3352073549837952,,,0.7191731608909523,0.5123633955182691,0.996800065083422
cc0000244.png,540,960,0.6029636292916337,0.9060262345679012,469684,518400,,0.5336448598130841,0.7368768527747932,0.5480557981947642,0.3047271251775208,,,0.566859344894027,0.5335742819098345,0.9970071422774125
cc0000246.png,540,960,0.6012742040804439,0.9055574845679012,469441,518400,,0.5365853658536586,0.7357420106093931,0.54516711833785,0.3068809643395279,,,0.553187250996016,0.5343899931459904,0.9969667252806709
cc0000281.png,540,960,0.6025289519533337,0.8970408950617283,465026,518400,,0.5261584454409567,0.7843985747905075,0.5601246971923276,0.3262478648699943,,,0.6079774375503626,0.41652513922350803,0.9962705046056792
cc0000290.png,540,960,0.6091922619185854,0.8845003858024691,458525,518400,,0.5377697841726619,0.7495387948299888,0.5147121867570833,0.362843295638126,,,0.597915372402844,0.5053658824223126,0.9962005172070818
cc0000295.png,540,960,0.6255552955760646,0.8950289351851852,463983,518400,,0.5677290836653387,0.7614308705871455,0.490019487017433,0.3739643084767368,,,0.562071273213987,0.6271486162293176,0.9965234298424942
cc0000304.png,540,960,0.6296445556410702,0.9071489197530864,470266,518400,,0.54337899543379,0.814663681693294,0.49619366012808636,0.3893137660190161,,,0.5779015630196209,0.5895105676075607,0.9965496555861242
cc0000306.png,540,960,0.6293517269645719,0.9074864969135803,470441,518400,,0.5629453681710214,0.8203887830435818,0.4918032786885246,0.3910286642561442,,,0.5748159628051143,0.5680529161326439,0.9964271156549733
cc0000312.png,540,960,0.6061605532455516,0.9076948302469136,470549,518400,,0.44029850746268656,0.8295626153588008,0.4854752711895569,0.37899691608505115,,,0.5957544993077988,0.5166712238431473,0.9963648394718201
cc0000314.png,540,960,0.6060107358090363,0.9067283950617284,470048,518400,,0.464573268921095,0.8295569040794637,0.48671610965076983,0.37286448830651847,,,0.5957345595813843,0.4960340174993867,0.9965958026246362
cc0000315.png,540,960,0.6131182867085121,0.9060320216049382,469687,518400,,0.5230149597238205,0.8287632492585014,0.48113782276582784,0.37354107024884387,,,0.599034198860038,0.4898519736842105,0.9964847324183423
cc0000319.png,540,960,0.6194170448445979,0.9055806327160494,469453,518400,,0.580026455026455,0.8281124314442413,0.48536327862558787,0.369696286696343,,,0.6032167269802976,0.4729509436499,0.9965531914893617
cc0000320.png,540,960,0.6170103424891445,0.9047222222222222,469008,518400,,0.5798045602605864,0.82745693930102,0.48457515712709304,0.3649651577814288,,,0.5967534554805529,0.4689854491388095,0.9965316783345222
cc0000327.png,540,960,0.6158849089516245,0.9038252314814815,468543,518400,,0.5725165562913908,0.8275725355919985,0.47820318423047764,0.3661303979678239,,,0.6026638850998957,0.4677339166749528,0.9963738868048331
cc0000333.png,540,960,0.6105601395246086,0.9095871913580247,471530,518400,,0.43530834340991537,0.8317108601937535,0.48801147313225474,0.38847173144876324,,,0.6028325123152709,0.5312484879763882,0.9963375681959148
cc0000341.png,540,960,0.6279040293041834,0.9083256172839507,470876,518400,,0.5672782874617737,0.8167563583494037,0.484640522875817,0.3436526836416926,,,0.5521935068518348,0.6344790392381253,0.9963278067106371
cc0000347.png,540,960,0.5380845375591427,0.9008545524691358,467003,518400,0.0,0.5298507462686567,0.8024471612522631,0.4591676040494938,0.3481109412535488,,,0.5718268411678153,0.5962320067739204,0.9970409997074434
cc0000360.png,540,960,0.6111134036903192,0.9046219135802469,468956,518400,0.5507246376811594,0.5609467455621302,0.8150128303888908,0.4615300386889554,0.3632153086720702,,,0.5648958545355859,0.576259756657484,0.9963220573362779
cc0000382.png,540,960,0.5239964763545412,0.9709336419753086,503332,518400,0.4969512195121951,0.5036496350364964,0.6778843160450782,0.32736130755932735,0.21799862605907946,,,0.4305555555555556,0.5396807925151348,0.9978903585534621
cc0000385.png,540,960,0.5138098300803132,0.9697145061728395,502700,518400,0.5148514851485149,0.47831474597273854,0.6647306474908576,0.32762589928057556,0.15975920351933318,,,0.42748091603053434,0.5399063588850174,0.9978093843149347
cc0000389.png,540,960,0.5529840106011137,0.9505073302469136,492743,518400,0.5143884892086331,0.4943609022556391,0.7028342348966266,0.3784260156869657,0.2796208530805687,,,0.49903846153846154,0.5579453087902573,0.997257819351758
cc0000408.png,540,960,0.6091211805269807,0.8763252314814814,454287,518400,0.5041322314049587,0.5509083227714406,0.7618619173605167,0.4564561820341771,0.3979118813948632,,,0.6363345423511841,0.5707975003428213,0.9945668665558847
cc0000431.png,540,960,0.6197404773339144,0.8765586419753086,454408,518400,0.5111111111111111,0.5792938360263316,0.7291382593206805,0.3663409718266661,0.41600737383823644,,,0.7110850164396431,0.650722528147031,0.9942247219616145
cc0000432.png,540,960,0.6201596265785488,0.8773533950617284,454820,518400,0.5259938837920489,0.5667870036101083,0.7262529728649991,0.3617278966491724,0.4174548894062864,,,0.7184831573993142,0.6505000481236164,0.9940771607828448
cc0000447.png,540,960,0.6562244927849226,0.8836612654320988,458090,518400,0.5406091370558376,0.6983122362869199,0.751715427136035,0.4489202291758484,0.4571249215317012,,,0.6713705716717963,0.686382198516543,0.9953612209046991
cc0000456.png,540,960,0.6123955060963132,0.8926408179012346,462745,518400,0.5113122171945701,0.698471514590088,0.7930685639643145,0.38155185323848745,0.39674554160016656,,,0.4610975784496346,0.6625320863774256,0.9943846933558185
cc0000477.png,540,960,0.6771497258560099,0.9149189814814814,474294,518400,0.6376811594202898,0.7149964463397299,0.744039654543243,0.5451927646845034,0.43853625480009034,,,0.5339659262454173,0.8078888039860815,0.9948967968287238
cc0000483.png,540,960,0.6582058943019409,0.9148630401234568,474265,518400,0.3993055555555556,0.7036352433764633,0.785770930100827,0.4915699834257301,0.5347637714049928,,,0.5885167464114832,0.7679351931793654,0.9941497309611098
cc0000487.png,540,960,0.6481843691879818,0.9098360339506173,471659,518400,0.4377880184331797,0.6570247933884298,0.7884559174191961,0.3832559193383936,0.5462070199771817,,,0.6619307123394317,0.7193741471281478,0.9914384254798935
cc0000514.png,540,960,0.6604782718590886,0.922914737654321,478439,518400,0.524390243902439,0.7376344086021506,0.7816697636150169,0.44216290212183434,0.5171953980215214,,,0.5127630989699955,0.781224063930189,0.9867862957095613
cc0000532.png,540,960,0.6501296842935267,0.898431712962963,465747,518400,,0.7576158940397351,0.6714606492828792,0.45498521902714323,0.524166042758506,,,0.47384937238493724,0.679729833842677,0.9891007787188086
cc0000535.png,540,960,0.6524129963248891,0.9111651234567901,472348,518400,,0.7667464114832536,0.6763559612304787,0.46094023068857043,0.5260809423943599,,,0.39010416666666664,0.7582200591565683,0.9884432026543264
cc0000568.png,540,960,0.6430172368706901,0.9113811728395061,472460,518400,0.6202898550724638,0.777733503347147,0.6614011349213842,0.5456275991331342,0.40051507058374664,,,0.5233891064435742,0.6295358784985341,0.9856457469655366
cc0000570.png,540,960,0.6460095727033599,0.916207561728395,474962,518400,0.6515650741350906,0.7807385952208544,0.6841979016749056,0.5571416552149648,0.41514218438688644,,,0.4501538873277131,0.6421528286924124,0.9869844549740521
cc0000704.png,540,960,0.5947019560611991,0.8154533179012345,422731,518400,0.7222739981360671,0.5315985130111525,0.7016991253120238,0.4026945284575199,0.3063068776357929,,,0.48942643391521196,0.6087947201655578,0.9948214518562674
cc0000710.png,540,960,0.5811731477505371,0.8170640432098766,423566,518400,0.5410662824207493,0.5531353135313531,0.7192628645382582,0.3968832891246684,0.31853194381513367,,,0.5203935054194054,0.6056818371793657,0.994430145975363
cc0000713.png,540,960,0.5167104694012639,0.8182291666666667,424170,518400,0.0,0.5690672963400236,0.7306430737728669,0.3963979271089967,0.31266871451177514,,,0.5315983572206856,0.5992599179598979,0.9940484682958645
cc0000722.png,540,960,0.5915919555715702,0.7982310956790123,413803,518400,,0.6083711875405581,0.7078226208271051,0.46315021369748777,0.2968969091019935,,,0.4788900563568631,0.5947681256158418,0.991244575861142
cc0000724.png,540,960,0.5235630660005617,0.7904513888888889,409770,518400,0.0,0.6537296999724745,0.693988964647153,0.46772385445373443,0.3100555287300821,,,0.4784488405607232,0.5947410791658334,0.9898165604744933
cc0000733.png,540,960,0.519505990168099,0.7861226851851851,407526,518400,0.40625,0.23547400611620795,0.6797233417107059,0.47597191165509395,0.31082165565775666,,,0.44909922790963686,0.6094527840391348,0.9892549942562551
cc0000745.png,540,960,0.5619756833042673,0.8188213734567901,424477,518400,0.4659090909090909,0.31484502446982054,0.7014932423814405,0.5135860449513586,0.38906112232998663,,,0.4782669073739758,0.6366086573792462,0.9960353766392193
cc0000749.png,540,960,0.5614851876987105,0.8178877314814815,423993,518400,0.4629080118694362,0.26806083650190116,0.6915086293133405,0.527733240889197,0.37625020273557874,,,0.5251365567469148,0.6440655438889628,0.9962184796443526
cc0000775.png,540,960,0.5450372911542456,0.7982021604938272,413788,518400,0.2569444444444444,0.34094616639477976,0.6920790312507604,0.4554810974838791,0.37518459616039984,,,0.62073484444013,0.6304787490179182,0.9884494000416526
cc0000833.png,540,960,0.5624410037311866,0.8681076388888889,450027,518400,0.5763052208835341,0.38022813688212925,0.7510017951115032,0.3755627900533352,0.25338427040943445,,,0.47841688654353565,0.6904566660387186,0.9941722639273015
cc0000834.png,540,960,0.5589944375322407,0.8713368055555556,451701,518400,0.5616438356164384,0.38188976377952755,0.7567381869732733,0.376531481360152,0.27350427350427353,,,0.4320501603966171,0.6954648221520829,0.99413297647556
cc0000837.png,540,960,0.5559222710176976,0.8786979166666666,455517,518400,0.5555555555555556,0.4069767441860465,0.7620344531501556,0.3791838347350003,0.23021777356959286,,,0.4008120649651972,0.7190183980693453,0.9935793439106883
cc0000865.png,540,960,0.5769247259551731,0.8513888888888889,441360,518400,,0.48175182481751827,0.6679767763463617,0.5051303322708816,0.32673992673992674,,,0.41535857186826713,0.6532873537226525,0.9882282959206036
cc0000866.png,540,960,0.572324042052274,0.8440875771604939,437575,518400,,0.48014440433212996,0.6774637578247048,0.5047152509081443,0.35676532769556024,,,0.4009742519137091,0.597757458780424,0.9884478429112465
cc0000875.png,540,960,0.6155543138942463,0.8989197530864198,466000,518400,,0.5251641137855579,0.7768098051318226,0.4639172286587123,0.4036458333333333,,,0.47016383586352023,0.6809602224300149,0.988219158056763
cc0000877.png,540,960,0.5848590705161688,0.9017148919753086,467449,518400,,0.5014955134596212,0.7453406780376849,0.43283293913211374,0.41146032962821005,,,0.3066465256797583,0.7072173140746973,0.9890201936010959
cc0000883.png,540,960,0.5221352024237318,0.8984934413580247,465779,518400,0.0,0.48982188295165396,0.6910301131914288,0.4644491306250746,0.42634730538922155,,,0.4089446589446589,0.7073866996821992,0.9891018286056172
cc0000897.png,540,960,0.5442417785921583,0.8892264660493827,460975,518400,,0.4659090909090909,0.6988924148538395,0.49982458338554064,0.16753678215472234,,,0.40652580903985025,0.5833629351466558,0.9876408346554089
cc0000915.png,540,960,0.5624811196410502,0.9251774691358025,479612,518400,,0.4364406779661017,0.7709335490187732,0.430757848985065,0.20409080692290402,,,0.5313646368305209,0.5726036234611043,0.9911766943028828
cc0000920.png,540,960,0.536625066205927,0.9089216820987654,471185,518400,0.4245810055865922,0.3867595818815331,0.7394491705810623,0.4041674071441265,0.3392307141322255,,,0.5408002795736502,0.46633394312914056,0.9916784276190853
cc0000927.png,540,960,0.6312800508573396,0.9326890432098766,483506,518400,0.455026455026455,0.4693295292439372,0.7692510797201214,0.5126132745530247,0.46088677751385587,,,0.6973008933662802,0.6921450329754828,0.9936873644595599
cc0000930.png,540,960,0.5957866942928672,0.9375983796296297,486051,518400,0.4897959183673469,0.47126436781609193,0.7862314741486593,0.5311268440693335,0.29625106850653316,,,0.4583604424202993,0.7382861044725162,0.9949773345421578
cc0000956.png,540,960,0.6091605598868997,0.9265104166666667,480303,518400,,0.3090909090909091,0.8424543484773537,0.4969266903203238,0.35519828510182205,,,0.5833951074870274,0.6831836891895144,0.9938748895413472
cc0000962.png,540,960,0.5842871775749012,0.9195640432098765,476702,518400,,0.3153846153846154,0.8095223346197447,0.33404522613065324,0.3063866513233602,,,0.6965346000215913,0.6351238105536332,0.9930130049907108
cc0000965.png,540,960,0.5787030916844695,0.9063657407407407,469860,518400,,0.3920265780730897,0.7912582814322225,0.3678562515597704,0.3246059989832232,,,0.7148107758794782,0.4676636405443614,0.9927001153191412
cc0000982.png,540,960,0.6043595497226047,0.9087596450617283,471101,518400,,0.2727272727272727,0.7242479646750379,0.4707451241873646,0.420699245133095,,,0.6286424664346096,0.7246093595474504,0.9888454153534036
cc0000991.png,540,960,0.6041103557582758,0.913792438271605,473710,518400,,0.2903225806451613,0.7120013044896184,0.5143002827608585,0.46584597395004385,,,0.524290440536305,0.7338340718325588,0.9881778360933845
cc0001003.png,540,960,0.6206771125044818,0.9152256944444445,474453,518400,,0.43243243243243246,0.7121600055110968,0.5390597497359747,0.34921870944297356,,,0.6267888396993719,0.6980673458143831,0.9870127048951396
cc0001030.png,540,960,0.6539549568648901,0.9157098765432099,474704,518400,,0.6954022988505747,0.786652628718924,0.5163211103495545,0.4383823612126666,,,0.6939873417721519,0.46528083150109933,0.9816581256492594
cc0001039.png,540,960,0.6262489324213637,0.9103645833333334,471933,518400,,0.670547147846333,0.7916921836024436,0.5419835638813741,0.47510760401721663,,,0.48223039215686275,0.43882401015119255,0.9833576252941233
cc0001043.png,540,960,0.6311448061114745,0.9119791666666667,472770,518400,,0.6531284302963776,0.7931179023030887,0.5227289134881482,0.42022159422240163,,,0.4982151963284039,0.5451827242524917,0.9854188818894096
cc0001045.png,540,960,0.6401052857821549,0.9178626543209877,475820,518400,,0.6212121212121212,0.7938439170135089,0.4967225254381394,0.4400963966031673,,,0.5185348631950574,0.6240377963881489,0.9862893806249416
cc0001054.png,540,960,0.6146289256234928,0.9014043209876543,467288,518400,,0.6547406082289803,0.745020496334473,0.5278116676690437,0.40207514339111944,,,0.4825285895806862,0.5014061537949511,0.9888198203651959
cc0001056.png,540,960,0.6158496491835775,0.8986554783950618,465863,518400,,0.6400336417157275,0.7394088669950739,0.5238753995134284,0.40624113475177304,,,0.5401554404145078,0.47228220527700926,0.9889508556175223
cc0001086.png,540,960,0.548624165937295,0.9471643518518519,491010,518400,,0.6696476964769648,0.8589223321648334,0.3625187169989755,0.14458177637252084,,,0.39686861810755614,0.4216761939885672,0.9861538274516478
cc0001113.png,540,960,0.5996883367696889,0.9267592592592593,480432,518400,,,0.7805683359771459,0.42682737169517887,0.3730871823669802,,,0.5567529984355988,0.47536154258168184,0.9855325895615477
cc0001121.png,540,960,0.5171758688937594,0.9229050925925926,478434,518400,0.0,0.4714828897338403,0.7185190413293137,0.4876246283015568,0.3928931089051935,,,0.4495677233429395,0.6289788895506585,0.9883406699865731
cc0001126.png,540,960,0.5400195732787852,0.9202064043209877,477035,518400,0.0,0.5109170305676856,0.7362589572522856,0.5104285810401669,0.416601762656282,,,0.5328125,0.6232352497864715,0.9899025049273904
cc0001129.png,540,960,0.4984781616336471,0.9051601080246914,469235,518400,0.0,0.3188405797101449,0.7004436994675607,0.532919505198996,0.4238757324642003,,,0.5399881516587678,0.4818667704216411,0.9898908541478657
cc0001654.png,540,960,0.6210742986383445,0.9037133487654321,468485,518400,0.49433962264150944,0.6514657980456026,0.7790073834339638,0.4314565842775788,0.22829832166277647,,,0.816836487142164,0.5768541020698902,0.990336089833271
cc0001657.png,540,960,0.647476275848156,0.9178086419753086,475792,518400,0.5052631578947369,0.6598272138228942,0.7919302528334786,0.418822832312858,0.308361737616941,,,0.8374765659107836,0.6672236576050325,0.9909047887885228
cc0001662.png,540,960,0.636529276506568,0.9087673611111111,471105,518400,0.4872448979591837,0.6408185245018848,0.7478925035360678,0.425764192139738,0.4230585803990144,,,0.6612439331296063,0.7136484024268835,0.9925631779601649
mt0000005.png,540,960,0.6467280921170154,0.9265586419753087,480328,518400,0.884899006091696,0.726620748420081,0.6920162201688493,,0.4433484750162232,,0.28011611030478956,0.2926829268292683,0.8812453166129744,0.9728959334922409
mt0000015.png,540,960,0.6232753206046849,0.857440200617284,444497,518400,0.8859894765004905,0.7314586994727592,0.7148327122322782,,0.4584763558534911,,0.2953020134228188,0.3926605504587156,0.5349834321673781,0.9724993247295485
mt0000028.png,540,960,0.6516389321801592,0.8640952932098765,447947,518400,0.8871027379170702,0.730802821632516,0.7215325289215077,,0.4704268353521042,,0.42525252525252527,0.4072700296735905,0.598628452037945,0.9720955266540151
mt0000033.png,540,960,0.6599202586896993,0.8553722993827161,443425,518400,0.885232730765872,0.7334741720049066,0.7399790536037323,,0.48936646133727935,,0.47000983284169123,0.42893240682248895,0.5619112426520624,0.9704561694895614
mt0000035.png,540,960,0.6620061371377368,0.8534837962962963,442446,518400,0.8857677581085489,0.7402486678507992,0.7481558413890442,,0.5035311026126029,,0.4712092130518234,0.4326328800988875,0.5450208310900914,0.9694828029000968
mt0000038.png,540,960,0.6636337216586692,0.8524614197530864,441916,518400,0.8873717270452294,0.7411710037174721,0.7371254767774139,,0.5004759297477152,,0.5067829457364341,0.4448979591836735,0.5216637627564626,0.969580968304953
mt0000042.png,540,960,0.6551588803946926,0.848798225308642,440017,518400,0.8863507235720731,0.7491330937519702,0.720401452794911,,0.4748402993246943,,0.496551724137931,0.45778611632270166,0.48545668291018035,0.9707509503430798
mt0000044.png,540,960,0.6497550257101481,0.8477835648148148,439491,518400,0.8842090582615669,0.7523108847387285,0.708162368112544,,0.4680657453221862,,0.43671766342141866,0.4627799736495389,0.5146714082251886,0.9711231039500129
mt0000054.png,540,960,0.678319785732064,0.8671604938271605,449536,518400,0.8660832151762577,0.7586124828940323,0.7394529145139307,,0.4739238859373306,,0.49761742682096666,0.6056135300467794,0.5067771707640096,0.978477659703205
mt0000059.png,540,960,0.6434655210825405,0.881869212962963,457161,518400,0.8698623702381512,0.7616018505132283,0.7644053068318116,,0.43499125442884695,,0.6092912447885647,0.28609625668449196,0.4431779111898654,0.978297973985364
mt0000065.png,540,960,0.6378132279577032,0.8777623456790123,455032,518400,0.8642205021335715,0.7772414921465969,0.7454041730397392,,0.4250500368692721,,0.6228549141965679,0.272419627749577,0.4168707920063178,0.9784442855199827
mt0000081.png,540,960,0.6953663060709794,0.8879668209876543,460322,518400,0.8479600139486225,0.7788663034367141,0.7820048977012403,,0.48124955398558483,,0.7280119837363578,0.4503105590062112,0.5134871782684127,0.9810399584846913
mt0000084.png,540,960,0.6096087042972553,0.8882986111111111,460494,518400,0.8554096202821415,0.781769696969697,0.7709287235865919,,0.45208192193444163,,0.18181818181818182,0.41678726483357453,0.4361819305268248,0.9818922944265893
mt0000087.png,540,960,0.5762537459907517,0.8929494598765432,462905,518400,0.8558457541364693,0.7796484736355227,0.791195731263643,,0.46690719387630725,,0.0,0.2812846068660022,0.4543705409808438,0.9807776671672263
mt0000114.png,540,960,0.7418725890445748,0.8843537808641976,458449,518400,0.8596219985485754,0.7399738091340645,0.780347388047496,,0.5521064301552107,,,0.6699360974884827,0.6085101349353206,0.9826122650028734
mt0000123.png,540,960,0.6120256929309482,0.8839043209876544,458216,518400,0.8633462942625627,0.722310072189756,0.7389113726221994,,0.5005228074761469,,0.0,0.5391596638655463,0.5481055088888446,0.9838498241425295
mt0000124.png,540,960,0.6049620412355113,0.8805516975308642,456478,518400,0.8644382270652334,0.7252128444057117,0.7373316364407678,,0.48938550498038846,,0.0,0.5120076849183477,0.5279254640637596,0.9833949680098819
mt0000135.png,540,960,0.5900885953643767,0.8781288580246913,455222,518400,0.8734207503828484,0.7045269878119559,0.746163772201629,,0.4874302455357143,,0.0,0.3973509933774834,0.5326192264567889,0.9791967871485944
mt0000141.png,540,960,0.617878661726797,0.8908371913580246,461810,518400,0.8782849239280774,0.739252149570086,0.7594718554551773,,0.5040422532929378,,0.0,0.3959251101321586,0.6940188236805757,0.9720341777553633
mt0000150.png,540,960,0.6943192667438552,0.8820486111111111,457254,518400,0.8596310045496414,0.7503322069934318,0.7250243664717348,,0.5145579733985054,,,0.38040600176522504,0.648565676899849,0.9817176371285987
mt0000154.png,540,960,0.59562718043282,0.8761998456790123,454222,518400,0.8648177537268777,0.7600817292181955,0.7244591346153846,,0.46943095669661167,,0.0,0.3721461187214612,0.5931413056309762,0.9809404448530528
mt0000169.png,540,960,0.6033142658460579,0.8537210648148148,442569,518400,0.858049492028559,0.7856140022463497,0.7179456988502563,,0.4378384651090825,,0.0,0.6277322404371585,0.421665367783706,0.9776688603133519
mt0000172.png,540,960,0.547774849770058,0.8698996913580247,450956,518400,0.8635140623413544,0.7514444624439764,0.7622186860650147,,0.439961955111973,,0.0,0.10734463276836158,0.47720073751891073,0.9805142619108731
mt0000183.png,540,960,0.6042854959347949,0.8748070987654321,453500,518400,0.864778534923339,0.7511230907457322,0.7813291503568962,,0.469648354788844,,0.0,0.41482194417709334,0.5772168811176625,0.9753660113687909
mt0000186.png,540,960,0.5917686644408078,0.8624170524691358,447077,518400,0.8701616156821795,0.7515487681890217,0.7437049018145272,,0.4868869477680023,,0.0,0.40725806451612906,0.496805610920178,0.9777834066364244
mt0000190.png,540,960,0.5734418477784415,0.8704591049382716,451246,518400,0.8729011083099463,0.7306275366843584,0.7393577545591755,,0.45118147565935574,,0.0,0.32717190388170053,0.48578920755870697,0.9805057955742887
mt0000212.png,540,960,0.5505548093457354,0.884591049382716,458572,518400,0.8819958491871325,0.7423752777216724,0.7892324517104228,,0.45706275201612906,,0.0,0.15859030837004406,0.4009878982464806,0.9741939375140016
mt0000215.png,540,960,0.5625283801809294,0.8772820216049383,454783,518400,0.8851317666878685,0.7385848727779715,0.7791650640551495,,0.4851874286841253,,0.0,0.1675531914893617,0.4716657335507899,0.9729389842021682
mt0000220.png,540,960,0.602027061427135,0.892758487654321,462806,518400,0.8900410907732537,0.7777471879178793,0.8039660181353993,,0.5080294938369708,,0.0,0.2730696798493409,0.5967386039502718,0.9666244169539647
mt0000223.png,540,960,0.5920079068818959,0.9064293981481482,469893,518400,0.8888529886914378,0.7720002548907156,0.8185706467424927,,0.44676256218425825,,0.0,0.3136593591905565,0.5269819389401463,0.9692355044155598
mt0000228.png,540,960,0.5651834029471877,0.8928626543209877,462860,518400,0.8893510569009414,0.7846395355725372,0.8043916986875003,,0.3601396421669472,,0.0,0.3879181228157763,0.3313716862831372,0.9636554811506619
mt0000229.png,540,960,0.5558054865390849,0.8891956018518519,460959,518400,0.8922905323099051,0.785252619709013,0.793718360615103,,0.277833192664774,,0.0,0.3864578535237218,0.34695880213179936,0.963932531358363
mt0000247.png,540,960,0.5748784165304645,0.8801678240740741,456279,518400,0.8746981856646814,0.7469152870424774,0.7233909282939409,,0.39486726343693573,,0.03686635944700461,0.26627218934911245,0.5837130616050198,0.9723040574045445
mt0000264.png,540,960,0.5820699129202507,0.8953395061728395,464144,518400,0.8704274256651017,0.7584457466472647,0.7622706717158719,,0.3124778447359092,,0.0,0.435235907404135,0.5421358209928893,0.9755658862008331
mt0000269.png,540,960,0.5703088348943355,0.893846450617284,463370,518400,0.8712644153267474,0.7739585890825763,0.7725382603849617,,0.2819921604795942,,0.0,0.47151850145862123,0.4196941725591278,0.9715045798630557
mt0000272.png,540,960,0.5612813415924515,0.9029166666666667,468072,518400,0.8690416544289145,0.7598255606977572,0.7940703232218068,,0.32242990654205606,,0.0,0.3057660626029654,0.47273082455735316,0.9663864006887583
mt0000274.png,540,960,0.5610163398428897,0.8931520061728395,463010,518400,0.8703026689470134,0.7574913015692679,0.7722698836193017,,0.34284139451564005,,0.0,0.324950884086444,0.4588541584981415,0.961420427507308
mt0000277.png,540,960,0.5574837624064003,0.8873804012345679,460018,518400,0.8696034655114961,0.7676313290348378,0.7658317618863885,,0.2670157068062827,,0.0,0.37853545137543587,0.46096698999924807,0.9502853946375135
mt0000286.png,540,960,0.5545655934458678,0.8761130401234568,454177,518400,0.862206549684598,0.7925129222576097,0.7723796691851027,,0.3141964460066393,,0.0,0.35487880671224364,0.3944884913994129,0.9458618623213352
mt0000330.png,540,960,0.5541479039354653,0.8788213734567901,455581,518400,0.8655516884082999,0.8180686650762369,0.7728479547939177,,0.31009506564056133,,0.0,0.3354655294953802,0.38766551422382256,0.9434888138455044
mt0000332.png,540,960,0.5536353311063017,0.8785744598765433,455453,518400,0.8687777393892684,0.8230285234899329,0.7728497105174708,,0.29850397381954186,,0.0,0.3472113118617439,0.37622828279896076,0.942483106973495
mt0000347.png,540,960,0.6325591996675304,0.8810243055555556,456723,518400,0.8673714785433194,0.7639975240560464,0.786665968869525,,0.3892727044341163,,,0.3291692692067458,0.33637398497381804,0.955063467589142
mt0000368.png,540,960,0.5613617454364209,0.8939891975308641,463444,518400,0.8723652980977009,0.7735004686035614,0.8251485419770209,,0.39874866473370973,,0.0,0.25907990314769974,0.40526178522527223,0.9567893017064021
mt10000000.png,540,960,0.48241264408454815,0.8502334104938272,440761,518400,0.7797362361314633,0.6255848482201899,0.6054578983608893,,0.2938605205642758,,0.0,0.08623460096411355,0.4773379354977888,0.9910891129376644
mt10000014.png,540,960,0.5070903680935887,0.8500173611111111,440649,518400,0.788156548431105,0.6790209708783084,0.6193256179874417,,0.2760892409667771,,0.10941475826972011,0.19904458598726116,0.39565781354288665,0.9900134086852085
mt10000026.png,540,960,0.5282425373930508,0.8558275462962963,443661,518400,0.7962351945854484,0.716268180807,0.632552684052078,,0.28265136645024913,,0.12080536912751678,0.2539445628997868,0.43775915417089456,0.9857237870514325
mt10000034.png,540,960,0.5259149540948757,0.8655304783950617,448691,518400,0.7897356143079316,0.768593260750912,0.7022800225429419,,0.32589207242046053,,0.0,0.2752424415288078,0.36672047276408304,0.9788557484438684
mt10000050.png,540,960,0.5692553572363782,0.8955536265432099,464255,518400,0.7892995948069131,0.8185201997276441,0.7779629365117152,,0.435070889468858,,0.0,0.34565998972778633,0.40778942281554864,0.9797398248325605
mt10000052.png,540,960,0.5723961511716102,0.8961439043209877,464561,518400,0.7873861071637549,0.8169475003481409,0.7781157131000509,,0.46516809751621996,,0.0,0.3157068062827225,0.43613054286870556,0.9797144420932868
mt10000057.png,540,960,0.5859682292515377,0.8987461419753087,465910,518400,0.781967848985045,0.813505476910565,0.7779604892663258,,0.5020018016214594,,0.0,0.33735666867833436,0.4941701609630732,0.9807833875874982
mt10000058.png,540,960,0.5855106210534722,0.9024479166666667,467829,518400,0.783141365773694,0.8196849598626749,0.786049035846934,,0.501757231684239,,0.0,0.3362624487404804,0.47602131438721135,0.9811686121325444
mt10000064.png,540,960,0.6320372755294272,0.9041608796296297,468717,518400,0.7899589730575646,0.8148980992733211,0.8064902967285278,,0.35794506838652285,,,0.31491384432560904,0.3595166708810461,0.9805379760533993
mt10000068.png,540,960,0.5426226693088313,0.904633487654321,468962,518400,0.7937743190661478,0.8112502746649088,0.8087609658774169,,0.368030937802127,,0.0,0.30077691453940064,0.27862377850162867,0.9797641640190204
mt10000078.png,540,960,0.5601507612201537,0.9031635802469136,468200,518400,0.8001447674197112,0.8292308223434371,0.7598641902312058,,0.40386760877649686,,0.0,0.3693623639191291,0.33788838555666245,0.9808479515145871
mt10000094.png,540,960,0.591758666106647,0.8976003086419753,465316,518400,0.7974169441962473,0.8144078829233256,0.7135584672623295,,0.4763725848824449,,0.0,0.3183023872679045,0.6345809091209045,0.9794301532000191
mt10000099.png,540,960,0.5770822570859625,0.8899151234567901,461332,518400,0.7910429983721762,0.7597635764612973,0.6996574560401918,,0.47998247096754,,0.0,0.3341559723593287,0.5716344804714406,0.9804211020157246
mt10000100.png,540,960,0.5766588690783114,0.8894020061728395,461066,518400,0.7920981360522542,0.7613251348977287,0.6970760542566106,,0.4805614830621499,,0.0,0.3394372487717731,0.5622123973653343,0.9805604982206406
mt10000116.png,540,960,0.5709870090470042,0.9010127314814815,467085,518400,0.8161071659134925,0.8024136202949981,0.7564403767186255,,0.41019928954181467,,0.0,0.45571173583221775,0.34758925285241077,0.9794346312224749
mt10000134.png,540,960,0.529192071122216,0.8758429783950618,454037,518400,0.8132637853949329,0.7636964987463769,0.6670637146787369,,0.3887443840151336,,0.0,0.09183673469387756,0.5275232156585193,0.98140823579015
mt10000138.png,540,960,0.5261417542367393,0.8614351851851851,446568,518400,0.8061193229685226,0.8046376058220704,0.6156362676985313,,0.4234497066355473,,0.0,0.13756613756613756,0.44028782544779294,0.981437167755312
mt10000159.png,540,960,0.6073478590023808,0.9115625,472554,518400,0.8232160555004956,0.8472704250921046,0.5585730487679142,,0.4537615224501933,,0.22658610271903323,0.32975206611570246,0.6397743300423131,0.9798493213312894
mt10000163.png,540,960,0.595980656229754,0.8853414351851852,458961,518400,0.820747990666321,0.8048165542568594,0.5749512612985171,,0.4313295304958315,,0.21573604060913706,0.4576092680358083,0.48411444619975424,0.978540158275804
mt10000169.png,540,960,0.5855390553920091,0.8757175925925926,453972,518400,0.821399338637331,0.7953600865607994,0.6102225255063828,,0.4170481209370312,,0.2205240174672489,0.47990074441687347,0.3614400952400501,0.9784175143703563
mt10000186.png,540,960,0.6140262051595261,0.8885108024691358,460604,518400,0.8240978452130268,0.8080407080034215,0.6174553697931425,,0.5252092575999301,,0.4072484501669051,0.16312056737588654,0.5894540912541941,0.9775833518697017
mt10000194.png,540,960,0.5760517883556161,0.9035165895061729,468383,518400,0.8352168479272476,0.8549846426154407,0.5177646042713567,,0.4250142558448964,,0.5005488474204172,0.141287284144427,0.3577514247884405,0.9758463998327024
mt10000202.png,540,960,0.6286157973399689,0.8915547839506173,462182,518400,0.8136884693189481,0.7992287266848881,0.6263025896259429,,0.33915151515151515,,0.5072115384615384,0.5248322147651007,0.44024809481452987,0.9782632298972878
mt10000211.png,540,960,0.48155652205091876,0.8650154320987654,448424,518400,0.828798958849777,0.763605099609423,0.5289361274996375,,0.3750139431121026,,0.0,0.05339805825242718,0.32769106020677075,0.975008928877212
mt10000225.png,540,960,0.5372688695533526,0.8852797067901235,458929,518400,0.8120388673887017,0.6741802283215934,0.7470018307860038,,0.4671742850765148,,0.0,0.0,0.6232293060162363,0.9745264388377716
mt10000240.png,540,960,0.5450011562756828,0.8791319444444444,455742,518400,0.82199350513304,0.7592107291506089,0.6957501911165889,,0.43025545298795614,,0.0,0.1848101265822785,0.4909023912988234,0.9770868539361668
mt10000252.png,540,960,0.5509796950732413,0.8832098765432099,457856,518400,0.828036638789327,0.699454679439941,0.7256834562462534,,0.5343563018722255,,0.0,0.0,0.6582171206095084,0.9620893636286748
mt10000258.png,540,960,0.5134759998580256,0.8949305555555556,463932,518400,0.8043818868312229,0.7211815561959655,0.7573369205916677,,0.38682559598494354,,0.0,0.0,0.46562224049206785,0.9724597987683375
mt10000264.png,540,960,0.5648808642890862,0.9039564043209877,468611,518400,0.8364195947678892,0.7492942283563363,0.7357031418119216,,0.3263086335825969,,0.0832,0.19223300970873786,0.6201337090446986,0.9757545970405092
mt10000280.png,540,960,0.6281031529786798,0.9066319444444444,469998,518400,0.8486166373646711,0.7892766049818202,0.7817512842790253,,0.4312845820248243,,0.17926565874730022,0.38493931136982906,0.6370726463220454,0.9726184987399228
mt10000282.png,540,960,0.6447253849886584,0.9119328703703704,472746,518400,0.8499543968144506,0.7933239744189674,0.7892123397576161,,0.3851391355831853,,0.2423500611995104,0.44943109987357777,0.6774030592656954,0.9709890129962646
mt10000287.png,540,960,0.6049167392865981,0.8795601851851852,455964,518400,0.8584768133643277,0.7783411072804705,0.7830878848042975,,0.33534197047303405,,0.24427480916030533,0.4549966465459423,0.4215928553951554,0.9632218272692521
mt10000290.png,540,960,0.6163989825108964,0.8742862654320988,453230,518400,0.8651317058120251,0.7672513444237825,0.7864098840039093,,0.3520963632151957,,0.299601593625498,0.4935962251432423,0.40777684446311074,0.9593278994004082
mt10000298.png,540,960,0.6290656253551261,0.8828395061728395,457664,518400,0.8775868834558886,0.7846849496360562,0.7611096941278032,,0.3785863328116849,,0.5233343117111828,0.24281150159744408,0.5009960375029773,0.9634152919979717
mt10000315.png,540,960,0.5682414432612664,0.8857098765432099,459152,518400,0.8791169800842293,0.8056541305683869,0.6847439528717638,,0.412876601639155,,0.0,0.158123370981755,0.6406431954040835,0.9647733145407564
mt10000316.png,540,960,0.5402297958813262,0.8685185185185185,450240,518400,0.873062357216234,0.7895239231595275,0.6671471806307742,,0.3738300059514148,,0.0,0.15703703703703703,0.4966860465116279,0.9645518165439945
mt10000317.png,540,960,0.513320739250962,0.8528761574074074,442131,518400,0.8699090671303064,0.7765138842422215,0.6586475234143967,,0.3770096463022508,,0.0,0.12769580022701477,0.3325236822929317,0.9642663103985749
mt10000318.png,540,960,0.5355023933149519,0.8633603395061729,447566,518400,0.870045677868994,0.783443199068394,0.6735422854463029,,0.43543709738117903,,0.0,0.14312011044638748,0.4128691470449052,0.9655616292634525
mt10000324.png,540,960,0.5677811665354113,0.8794367283950617,455900,518400,0.8487128296732164,0.7983045156958201,0.698645058448459,,0.45293648185531193,,0.0,0.2838616714697406,0.4904207321138844,0.9693680430268578
mt10000328.png,540,960,0.5634670553064717,0.9004880401234568,466813,518400,0.8414491973814008,0.7940651810742702,0.7235262693810299,,0.19721718088324258,,0.22012578616352202,0.3136337039204213,0.4408501328332552,0.9768689908146319
mt10000343.png,540,960,0.626019224069828,0.9283796296296296,481272,518400,0.8585606365194575,0.8463720568827934,0.6761500892763366,,0.20748522652659226,,0.0713224368499257,0.611892912304788,0.7598548065203123,0.9765156276784184
mt10000365.png,540,960,0.5550004274183329,0.8781539351851851,455235,518400,0.8789169142013358,0.7934595524956971,0.49017463631242336,,0.40828879701522636,,0.0,0.2742123687281214,0.6268219420917864,0.9681292085020728
mt10000367.png,540,960,0.5774913438737481,0.8720621141975309,452077,518400,0.877259359898189,0.7946531801678149,0.5230996934136801,,0.40057636887608067,,0.17001545595054096,0.3299899699097292,0.5575419972001866,0.9667947255737639
mt10000371.png,540,960,0.5499095439764139,0.8617399691358024,446726,518400,0.8806799922874221,0.7675161388447629,0.5370960178201571,,0.398271843556364,,0.0,0.5405833861762841,0.3111833802543442,0.9639455928719776
mt10000374.png,540,960,0.5944950158470559,0.8772665895061729,454775,518400,0.8843982030323828,0.7992278708911038,0.6410503223495702,,0.401837040739815,,0.45710363761153056,0.3785754346606842,0.22745798671207637,0.9663096307792844
mt10000389.png,540,960,0.613909125881406,0.8869675925925926,459804,518400,0.8975346611510155,0.799049992213051,0.7166970802919708,,0.4824490769735469,,0.0,0.5125535823637477,0.5511489361702128,0.9518396778877033
mt10000414.png,540,960,0.4796492084276866,0.8475790895061729,439385,518400,0.8507707211442573,0.7626696159395474,0.4719344169788548,,0.3774884030536892,,0.1619047619047619,0.07924528301886792,0.1798197180204936,0.9533607473610205
mt10000416.png,540,960,0.5274131445421347,0.8388059413580247,434837,518400,0.8659977831838662,0.7495372798986469,0.5699114340263046,,0.4419515335201899,,0.0,0.20947630922693267,0.42747160872291506,0.9549592077582226
mt10000440.png,540,960,0.5920745333682838,0.8857619598765432,459179,518400,0.7270113412491348,0.7610023351895097,0.7393066764490095,,0.43889043723461807,,0.0,0.42288364901430225,0.6677769267762678,0.9797249010334278
mt10000463.png,540,960,0.5773576773960218,0.8767091049382716,454486,518400,0.7226111889044475,0.8222510924766742,0.7461517605156456,,0.4319436924742826,,0.0,0.47167194928684625,0.4409110442629996,0.9833206912472792
mt10000499.png,540,960,0.5969284540778638,0.8690200617283951,450500,518400,0.7671608121173058,0.7620804826806012,0.6823835319609968,,0.4935093970516314,,0.0,0.58268294922413,0.5044900033886818,0.9831204561995633
mt10000500.png,540,960,0.5950742241083268,0.8739081790123456,453034,518400,0.76434916750891,0.7176383012067075,0.7206737770081467,,0.49795806059201764,,0.0,0.5633199464524766,0.5137403646151963,0.9829141754831598
mt10000511.png,540,960,0.6048461072448305,0.8586747685185185,445137,518400,0.7777777777777778,0.7705134170932216,0.7070667299036233,,0.4834217647936244,,0.0,0.6609111712086541,0.45730358586073416,0.9817744113210087
mt10000513.png,540,960,0.6135742670781245,0.8691203703703704,450552,518400,0.7766527158993745,0.7552639383155397,0.7170448018380241,,0.4942212438084755,,0.0,0.7158022037086804,0.46735355000175427,0.9822556830531468
mt10000519.png,540,960,0.6402074849008758,0.8644135802469136,448112,518400,0.79022030729209,0.7476915398053406,0.6990007008659085,,0.5346105735624149,,0.0,0.7942527136097969,0.5778632662577567,0.9780207778136987
mt10000550.png,540,960,0.6250028308832781,0.8553452932098765,443411,518400,0.7728103301254721,0.6989706018733192,0.69491241128432,,0.5313732175798428,,0.13071895424836602,0.6439862542955327,0.5432956634272196,0.9839552142321516
mt10000571.png,540,960,0.6093043901239095,0.8718711419753087,451978,518400,0.7790350002931348,0.6892109500805152,0.7593985983593198,,0.47377326565143824,,0.22695035460992907,0.503213802435724,0.45741533165941695,0.9854378179017975
mt10000576.png,540,960,0.5971232421482218,0.8777334104938271,455017,518400,0.7833618233618234,0.6919413646848724,0.7718201658664339,,0.4288159359920815,,0.27611940298507465,0.4216725559481743,0.4184145226590048,0.984840165688309
mt10000577.png,540,960,0.5769026004378028,0.8768248456790123,454546,518400,0.778295719401967,0.6893077201884741,0.7737014516944004,,0.4275539403053658,,0.13549618320610687,0.4675203414699213,0.35873608659499046,0.9846093606411968
mt10000582.png,540,960,0.59106701934492,0.8845273919753086,458539,518400,0.7641031291317761,0.6929059943677082,0.7764143396178873,,0.4898079813554456,,0.11020408163265306,0.36885245901639346,0.5425914710178489,0.983656698619648
mt10000583.png,540,960,0.5942389407545852,0.8907465277777777,461763,518400,0.7684279852069507,0.6821977405094379,0.7898229020894658,,0.4774150939620149,,0.15495867768595042,0.3395533802386051,0.5588128714306422,0.9827228749136143
mt10000584.png,540,960,0.6022136605970729,0.8920775462962963,462453,518400,0.7685046127440464,0.6891930222663452,0.7934780659009513,,0.47098509933774835,,0.21724709784411278,0.35266764561918745,0.5421903052064632,0.9834434358577289
mt10000603.png,540,960,0.5377081993813446,0.901238425925926,467202,518400,0.7376476565476947,0.723841308639654,0.789813932494107,,0.34520525039712396,,0.1925329428989751,0.06506849315068493,0.4628768970364633,0.9846791138860539
mt10000608.png,540,960,0.5734707827098395,0.8998379629629629,466476,518400,0.7521402603494781,0.6767962172759774,0.7600431965442764,,0.3773184628439811,,0.1699043200927805,0.30246189917936694,0.5642926665144615,0.9848092388783948
mt10000617.png,540,960,0.5702918189249684,0.9013406635802469,467255,518400,0.7554026387625113,0.6922368965993282,0.7294700485410999,,0.3586136982829627,,0.0,0.3629749393694422,0.6796677890011223,0.9839685408432802
w0000002.png,540,960,0.5691814619620199,0.9145273919753086,474091,518400,0.8980801670816934,0.4593425605536332,0.4167334134294487,,0.2988235294117647,0.517098933277557,0.5648795648795649,0.20526986825329366,0.7687046667874115,0.9937004539838121
w0000009.png,540,960,0.46704592972777664,0.8941994598765433,463553,518400,0.8966116716662121,0.7064127050967771,0.22724600188146754,,0.12375621890547264,0.49447266208544965,0.0,0.03542857142857143,0.7295988110843947,0.9898867254016436
w0000022.png,540,960,0.5703136423731752,0.8281481481481482,429312,518400,0.8996432254647825,0.6217037488921373,0.5280178081677124,,0.2802124448572092,0.5409000040798009,0.5481191988275526,0.34854826052838084,0.37751406444593955,0.9881640260950606
w0000028.png,540,960,0.580928968575679,0.8335358796296296,432105,518400,0.9072278942906639,0.6032251046935335,0.5283715901155588,,0.3083931850405597,0.5739458170924202,0.52,0.36755345193406236,0.43228486032579866,0.9873588136885141
w0000032.png,540,960,0.5791603474087975,0.8466203703703704,438888,518400,0.906289650172195,0.6370511311414612,0.5944637080371152,,0.32539987907436924,0.6205274043433299,0.1943620178041543,0.44936048029235187,0.5003091287615923,0.9846797270526084
w0000059.png,540,960,0.5101766984911072,0.829266975308642,429892,518400,0.874938947584895,0.6822072306939508,0.5043570252260309,,0.25510032035069974,0.34254707947654006,0.0,0.40789136561619266,0.533671802054155,0.9908765154175014
w0000061.png,540,960,0.49527179918367736,0.832662037037037,431652,518400,0.8805567513273066,0.6851686217008798,0.5256141885629185,,0.24089390370816674,0.3519287833827893,0.0,0.27031189834424335,0.5084031834730336,0.9945688621537586
w0000065.png,540,960,0.4981995508041719,0.8418364197530864,436408,518400,0.8887254386886624,0.7352231936400273,0.3412766491620813,,0.3035604455682362,0.35622682323856614,0.0,0.3459148446490219,0.5183441239945066,0.9945244382964453
w0000075.png,540,960,0.5157468724213913,0.8117939814814815,420834,518400,0.8763377777777778,0.6893481209606639,0.46058225608045406,,0.2712531051614684,0.41338912133891215,0.1278409090909091,0.3764690688363683,0.4330878004193774,0.9934136921265895
w0000093.png,540,960,0.5407167545414997,0.8473360339506173,439259,518400,0.8185840707964602,0.6984449781735944,0.42720778548503985,,0.3444853181254217,0.4493363194406511,0.2125340599455041,0.2280174357432737,0.6930177085223884,0.9948231146411638
w0000102.png,540,960,0.5450404899354742,0.8125501543209876,421226,518400,0.8293805803571429,0.6481771266855335,0.46346588017278506,,0.351167046474691,0.46636449063070035,0.2571428571428571,0.30561181937328724,0.5897457077863488,0.9943089007959216
w0000105.png,540,960,0.5425074453311483,0.8172492283950618,423662,518400,0.833710407239819,0.6842517953979188,0.3415213518328564,,0.3475747533328312,0.4939303257862345,0.2646048109965636,0.35576064304852634,0.566527945237447,0.9946849751081368
w0000140.png,540,960,0.6102841111995648,0.8296585648148148,430095,518400,0.8807717594699843,0.7693828408347702,0.421161231157219,,0.30175196456000536,0.6572586067778375,0.38857142857142857,0.48201253225211943,0.6035678365359166,0.9880788006368033
w0000154.png,540,960,0.5685016177974461,0.7818923611111112,405333,518400,0.9056333106505067,0.5585931339046317,0.5007862186388903,,0.3393192929672809,0.7036210723046373,0.1349206349206349,0.4146487132153328,0.5812095266945205,0.9777826568805805
w0000156.png,540,960,0.5715387694260435,0.7787094907407407,403683,518400,0.8956613707953004,0.5649948624493515,0.4770466679354522,,0.2780563795053456,0.7056083639572419,0.2517401392111369,0.38838720222285783,0.6061394182274202,0.9762145205302851
w0000161.png,540,960,0.5451060021979258,0.7924980709876543,410831,518400,0.8904643191025241,0.5011146033811944,0.3798568925711853,,0.22840713389182404,0.7714990608091059,0.2239089184060721,0.3812772068392945,0.5533228263724718,0.9761030584076601
w0000168.png,540,960,0.5969568515189119,0.799272762345679,414343,518400,0.8935069515887246,0.4930201891596944,0.5274241277269286,,0.2788984800150122,0.772826786864134,0.3383177570093458,0.49384904646790223,0.5980249799310573,0.9767433449074074
w0000170.png,540,960,0.6009401380273512,0.8031095679012346,416332,518400,0.9054299970648665,0.5093878349305692,0.5569470191825726,,0.24199664325231554,0.7708509822455658,0.3783783783783784,0.4870869565217391,0.5834455642716265,0.9749378663985278
w0000177.png,540,960,0.5900742857249514,0.8430362654320988,437030,518400,0.9293063391968138,0.43286453960257487,0.5849410044660704,,0.20489207585629526,0.7740416015199795,0.3933333333333333,0.3985038124010934,0.6229443869724967,0.9698414781759053
w0000178.png,540,960,0.5009533222967231,0.8414255401234568,436195,518400,0.930009241030174,0.37513612850530903,0.560252512803659,,0.16876012079303251,0.7928626254394526,0.25170068027210885,0.08805755395683454,0.3720182046453233,0.969782833224614
w0000199.png,540,960,0.6028249941719914,0.8602006172839506,445928,518400,0.8949726678017743,0.5047604767973611,0.5514916041443373,,0.2193285499158473,0.7957388427084174,0.5506742061765986,0.5373939306774055,0.38637670375756755,0.9846879655686145
w0000202.png,540,960,0.6221843720873071,0.8476871141975308,439441,518400,0.8930772308923569,0.5280301625564002,0.6100646289013086,,0.26848980358988817,0.6919876092283508,0.6599089780719901,0.4329219211161792,0.5317578321326856,0.9834211822966051
w0000214.png,540,960,0.5938736767815702,0.8689911265432099,450485,518400,0.8829837940896091,0.49375173562899194,0.6240845056075623,,0.3160332766118359,0.8155517922664409,0.0,0.6374924785296209,0.594072176653859,0.9808933316462103
w0000242.png,540,960,0.5460057379762024,0.8487847222222222,440010,518400,0.7939033742331288,0.5712822823437852,0.5739639961626004,,0.29231185706551166,0.3942084942084942,0.517901748542881,0.3379131561892417,0.43835394030223557,0.9942127927379442
w0000243.png,540,960,0.5088104553020275,0.8425848765432099,436796,518400,0.8113941967445152,0.5808662900188324,0.5534495132588653,,0.2710578618817009,0.3341301117643259,0.1662531017369727,0.4017801953269873,0.46656976744186046,0.9937930595441877
w0000248.png,540,960,0.5368639228542791,0.8260069444444444,428202,518400,0.8204026516081513,0.6538632866283308,0.5083587777994326,,0.30221001373454864,0.3509516102026009,0.16286644951140064,0.5313412091730368,0.5052995457532211,0.9964817612777898
w0000269.png,540,960,0.48207727394342137,0.8137056327160493,421825,518400,0.7490819028098045,0.74640869038984,0.1478129274468147,,0.14511252939200536,0.4575743013993855,0.41946308724832215,0.29186949766960124,0.3856819388924608,0.9956905902425582
w0000273.png,540,960,0.5155296227760616,0.7984837962962963,413934,518400,0.812309348645254,0.632646557057423,0.2660720921590487,,0.2292063283660474,0.6752519743159298,0.36855345911949683,0.203757225433526,0.45643195943735687,0.9955376604504723
w0000294.png,540,960,0.5736719794414693,0.8005324074074074,414996,518400,0.8689109193352827,0.6383799689096158,0.5920191619132281,,0.33199073883797076,0.5375080963316258,0.4289827255278311,0.2895216720437649,0.48075562525072024,0.9949789068231841
w0000308.png,540,960,0.5945820494010327,0.8044945987654321,417050,518400,0.8271489276273966,0.6610297938680062,0.5383075523202911,,0.34943700755200524,0.5090797874373972,0.5680728667305849,0.28995080815179197,0.6136222674399626,0.9945894334818587
w0000310.png,540,960,0.6005409193311139,0.7884239969135802,408719,518400,0.836471203503955,0.6491519231772872,0.5455186185833432,,0.3679406593935891,0.5267232954972563,0.6349131862975129,0.2979158152840212,0.5523952869805999,0.9938382852624605
w0000325.png,540,960,0.6022133301747686,0.8591300154320988,445373,518400,0.884246485350151,0.7237077831597107,0.5069331446763353,,0.40033878113249693,0.5909346481553566,0.2288135593220339,0.3711589113257243,0.7462632696390659,0.9675233888120417
w0000330.png,540,960,0.5653310292065404,0.8568325617283951,444182,518400,0.9069774551012609,0.6110464467369294,0.5967777138435286,,0.39695440157412953,0.46861404599129897,0.26576576576576577,0.20167130919220055,0.6647714333429486,0.975400691310801
w0000343.png,540,960,0.5260967427120928,0.8616396604938271,446674,518400,0.9323248277995799,0.5615861718352821,0.3543213110936454,,0.22662218874421608,0.648389949539614,0.36242884250474383,0.33671419002966224,0.33308884556737245,0.9793943572947194
w0000350.png,540,960,0.5351038270457864,0.824645061728395,427496,518400,0.9490177198147494,0.5662887134901238,0.3754966146270494,,0.26109709026128264,0.5715400624349636,0.35846153846153844,0.4396804593396992,0.3374060835947188,0.9569461613879534
w0000351.png,540,960,0.5377942910777217,0.822457561728395,426362,518400,0.9519958625229207,0.5667634519259042,0.3802089121013446,,0.2615978235743879,0.5707002133614121,0.3703099510603589,0.4351729917394948,0.34274160750183014,0.9606578059118425
w0000353.png,540,960,0.5262965527830992,0.805943287037037,417801,518400,0.9234504792332269,0.5903742090646205,0.3717626982533628,,0.2500388822645031,0.6038913773796193,0.302945301542777,0.39691936633229186,0.3303509218195291,0.9669357391579614
w0000365.png,540,960,0.5835121314076085,0.732199074074074,379572,518400,0.8985938310825349,0.562206712797264,0.4379807294681995,,0.28134977430364416,0.6252840550435551,0.4503105590062112,0.49308313929598685,0.5210785647350443,0.9817218169360364
w0000370.png,540,960,0.559805383901949,0.7161246141975308,371239,518400,0.9186591459269947,0.5829742857926946,0.4128857901601809,,0.2761468802865957,0.5737895544174769,0.45779685264663805,0.5126349610675311,0.31810250339778157,0.9852584814216478
w0000371.png,540,960,0.5483752155517871,0.714014274691358,370145,518400,0.9185925811031701,0.5948280538895084,0.38426659491564275,,0.2844691842316086,0.5652346570397112,0.45267489711934156,0.4177998854852562,0.3319804235929457,0.9855306625889005
w0000391.png,540,960,0.6233400221051029,0.7805189043209877,404621,518400,0.9457296027025042,0.5992167591065807,0.5032291890088415,,0.3631908360888049,0.681635926222935,0.408622305529522,0.6197221171000703,0.5085987094675828,0.9801147537190847
w0000400.png,540,960,0.6176397416542818,0.7975752314814815,413463,518400,0.94225506574969,0.6589140238580157,0.49029327676842205,,0.3423864023571386,0.7358315202467206,0.24879227053140096,0.5949780848376792,0.5652374107182966,0.9800696198211726
w0000411.png,540,960,0.5717361944073706,0.8027970679012346,416170,518400,0.8602263540824575,0.6813534917206624,0.5069289945586619,,0.3254341952913933,0.8067342334146075,0.0,0.3995810421576329,0.5808168884809546,0.9845505499599646
w0000420.png,540,960,0.672667794252199,0.8098456790123457,419824,518400,0.8513431476703597,0.6792759578580847,0.5121564605235553,,0.3391117374085862,0.6613105549250343,0.7043879907621247,0.666507747318236,0.6550804798949483,0.9848360719088619
w0000445.png,540,960,0.5589380453193399,0.8522511574074074,441807,518400,0.7752879581151833,0.746858747510638,0.4006613131790269,,0.40002108592514496,0.7443975073401642,0.23404255319148937,0.20517560073937152,0.5368124451975843,0.9871851966754567
w0000464.png,540,960,0.538759548665739,0.8563560956790124,443935,518400,0.7707150964812712,0.7075057495295839,0.55788962019995,,0.20369014496998097,0.7250338450903016,0.07692307692307693,0.528705636743215,0.2931990768314473,0.9851736912228252
ww10000002.png,540,960,0.2475857662040069,0.8350790895061728,432905,518400,0.6389564448374973,0.2086976014346559,0.027860484900042535,,0.27073559255460755,0.23800137383149658,0.0,0.0076201641266119575,0.8364002341511507,0.0
ww10000008.png,540,960,0.27861325587500574,0.8023128858024692,415919,518400,0.7048054919908466,0.20885083805619198,0.040822085312514696,,0.43718971746419566,0.28082704601739333,0.02512562814070352,0.01025037808771635,0.7996481178054892,0.0
ww10000041.png,540,960,0.4617770849878054,0.7380420524691358,382601,518400,0.8356671681518343,0.6649471372388784,0.2820705689277899,,0.4150006350819256,0.4570905463935837,0.15428571428571428,0.1859790694742151,0.6991758403485018,
ww10000043.png,540,960,0.46598310789446223,0.7428761574074074,385107,518400,0.8329503676470589,0.6700953991965074,0.2793800241328325,,0.4118106277125013,0.4667337723161235,0.16875522138680032,0.19181937582087685,0.7063200749429973,
ww10000050.png,540,960,0.46986083551664215,0.7483912037037037,387966,518400,0.8398843930635839,0.6892896174863388,0.2846975660695638,,0.4045345882635955,0.47262657104310163,0.1569468267581475,0.19879518072289157,0.7121119407259147,
ww10000070.png,540,960,0.45614515767643404,0.7767804783950617,402683,518400,0.8344091360476663,0.7590757972371363,0.28251441984284875,,0.15792716319824754,0.5288002334116491,0.1488933601609658,0.22738799661876585,0.7101531548941927,
ww10000077.png,540,960,0.44842245168184525,0.8009548611111111,415215,518400,0.8331549371153332,0.8241457627647785,0.20545244039219943,,0.1724587912087912,0.5371046420141621,0.1540948275862069,0.15622174306183487,0.704746469311456,
ww10000078.png,540,960,0.4482208213711754,0.7997376543209876,414584,518400,0.8284399945880124,0.8239028020776913,0.21974595638386452,,0.17736093143596376,0.5329186106791084,0.16441441441441443,0.13877182420228779,0.7002120371880607,
ww10000082.png,540,960,0.4614897623762334,0.7644810956790123,396307,518400,0.8189923577696009,0.7584395632695288,0.31863929146537845,,0.20593346047891503,0.5387948855370952,0.1871476888387824,0.19823570924488357,0.6657351424056832,
ww10000085.png,540,960,0.462331142645594,0.724627700617284,375647,518400,0.8270732066578288,0.6606276729716587,0.3763599798893916,,0.24530202166597068,0.5474280973451328,0.15451174289245984,0.2366829644879053,0.650663455254404,
ww10000103.png,540,960,0.49400516853035115,0.7372280092592592,382179,518400,0.8302277432712215,0.5839252336448598,0.45432974656103425,,0.27496352361845705,0.5858571846919746,0.3342776203966006,0.19333119589612055,0.6951291001625409,
ww10000114.png,540,960,0.5298676794295186,0.7513117283950618,389480,518400,0.847004765146358,0.6107052441229657,0.4686294541419337,,0.34011090573012936,0.5870877127996172,0.49054621848739494,0.18995276162790697,0.7049043733798426,
ww10000120.png,540,960,0.49741025943104533,0.764477237654321,396305,518400,0.8352719808416011,0.6722225709921108,0.4480073349633252,,0.29630603161251884,0.5937026763625459,0.20229555236728838,0.21122947956688787,0.7202464487420845,
ww10000123.png,540,960,0.5056707173687823,0.773383487654321,400922,518400,0.8354649153128241,0.7574415131906421,0.4250189130487835,,0.30717946284521214,0.5945047737045405,0.2134670487106017,0.2193428184281843,0.6929462937094705,
ww10000136.png,540,960,0.5227185838856773,0.770846836419753,399607,518400,0.8191875825627477,0.5980186224409819,0.4370873467738881,,0.3591846258979616,0.6278298936835522,0.20422535211267606,0.3979963089902452,0.7382189386233654,
ww10000156.png,540,960,0.5120794180025544,0.7729282407407407,400686,518400,0.857911842372537,0.6455609598328129,0.3000105156156893,,0.31251425819370865,0.6935092127303183,0.13822751322751323,0.4322248549718114,0.7166761870760443,
ww10000165.png,540,960,0.5127535606430055,0.7606269290123456,394309,518400,0.8524387734101667,0.527118290050825,0.4445622932957931,,0.3220009993465811,0.6567245473757598,0.20606435643564355,0.3703571610536506,0.7227620641756239,
ww10000185.png,540,960,0.4575795905530387,0.7788271604938272,403744,518400,0.8024680073126143,0.38869400195525905,0.21930606183340084,,0.3158689591078067,0.7181630019236857,0.18925671455340412,0.2797225891677675,0.7471573885703717,
ww10000188.png,540,960,0.535480632325447,0.7698572530864197,399094,518400,0.8285016783643576,0.5949381251818202,0.26327556261778945,,0.37382287258132524,0.6855197932691824,0.3023474178403756,0.5027845581439438,0.7326550506047812,
ww10000204.png,540,960,0.5020822226097343,0.7487577160493827,388156,518400,0.8611221845724537,0.5084305842863276,0.27617803158624915,,0.294056292421695,0.7193539061935391,0.37753721244925575,0.28494536842671836,0.6950342009416363,
ww10000223.png,540,960,0.5473655146239933,0.7542264660493827,390991,518400,0.9065172515482158,0.5967528596445472,0.5068124871480468,,0.1418188449214578,0.6877328425871897,0.506380120886501,0.3475475841874085,0.6853621260685797,
ww10000237.png,540,960,0.6146232203246923,0.8179301697530864,424015,518400,0.9122374624946421,0.6352699179602478,0.5367357708254806,,0.34609376140627507,0.715193650414752,0.49079189686924496,0.49761336515513127,0.7830499374717641,
ww10000256.png,540,960,0.5732033941263068,0.8687480709876543,450359,518400,,0.7423183615082012,0.1292913589843244,,0.38763644796342617,,,0.7455104946493364,0.8612603075262456,
ww10000267.png,540,960,0.5593145968603802,0.9562364969135803,495713,518400,,,,,0.7251140555231994,,,0.0,0.952829735057941,
ww10000276.png,540,960,1.0,1.0,518400,518400,,,,,,,,,,1.0
ww10000278.png,540,960,0.37769386574074076,0.7553877314814815,391593,518400,,,,,,,,,0.7553877314814815,0.0
ww10000284.png,540,960,0.32913001503184225,0.898173225308642,465613,518400,,,,,0.4155188246097337,,,0.0,0.9010012355176352,0.0
ww10000292.png,540,960,0.27696983692827315,0.8070659722222222,418383,518400,,,,,0.5674706040936521,,0.0,0.0,0.8173785805477136,0.0
ww10000315.png,540,960,0.5824059563588578,0.8689467592592592,450462,518400,0.8792449849944717,0.7026014020017018,0.4764466969833721,,0.5638982787658715,0.6873068919856233,0.7301775147928994,0.3366228070175439,0.8653550306882363,0.0
ww10000330.png,540,960,0.6099576926514118,0.8386284722222223,434745,518400,0.8757271285034374,0.7371224479707351,0.42942528735632185,,0.3759682171472757,0.6901836709536919,0.5534565916398714,0.3953595011005136,0.8224186965394469,
ww10000335.png,540,960,0.6499929620592747,0.8425231481481481,436764,518400,0.8670540282716156,0.7319541441560153,0.4202106115836371,,0.40920040597219337,0.6212389380530974,0.621260929590428,0.3911568020760555,0.81209182023925,0.97576897859118
ww10000336.png,540,960,0.6540335307418351,0.8521122685185185,441735,518400,0.8645508151231356,0.7383474576271186,0.4254432624113475,,0.4156267924287808,0.601029181865555,0.640625,0.39776056927584763,0.8221038521236066,0.9808148458211245
ww10000343.png,540,960,0.6452111622272847,0.8859683641975309,459286,518400,0.8655420243561589,0.7199877563513927,0.37128406855858387,,0.44789955045729346,0.5433513513513514,0.6098039215686275,0.39940364092906466,0.8598867689768255,0.9897413774962648
ww10000351.png,540,960,0.6459569506859102,0.8801138117283951,456251,518400,0.863709448595479,0.7342932429888952,0.3820874160519652,,0.44435322415705253,0.5536288212870917,0.5938086303939962,0.3998688954441167,0.8534897869959612,0.9883730902586344
ww10000354.png,540,960,0.6500822109624829,0.8820601851851851,457260,518400,0.8548219514498914,0.7343165646995646,0.3842207677339466,,0.4638607039959915,0.5571562061984114,0.6015037593984962,0.4077685950413223,0.8594921158673733,0.9875992342773493
ww10000358.png,540,960,0.6572291864104041,0.880522762345679,456463,518400,0.8579545454545454,0.7475980312028915,0.3887611297835957,,0.46524626906466954,0.5603619334867846,0.6432276657060518,0.40955091714104996,0.8545136241875657,0.9878485616664829
ww10000368.png,540,960,0.6558310903521377,0.8697646604938272,450886,518400,0.8610254433307633,0.7561504424778761,0.3955094133426059,,0.45606884663183356,0.5713437708688878,0.624390243902439,0.43064823641563393,0.8159363981246324,0.991407018074567
ww10000379.png,540,960,0.667166761496761,0.8683236882716049,450139,518400,0.8635964484339935,0.7797895174132798,0.3817996272961221,,0.4371165198173835,0.6173154105880104,0.653185595567867,0.471025997221671,0.8095212946546456,0.9911504424778761
ww10000384.png,540,960,0.6667232308949903,0.8612287808641975,446461,518400,0.8606342153100384,0.7504913369537108,0.3794444876682487,,0.4243465508813296,0.6488367468681646,0.6634290540540541,0.48304758235407436,0.7986365741267926,0.9916425298385
ww10000406.png,540,960,0.6467777718784998,0.8694020061728395,450698,518400,0.8801299269161097,0.5400948827783152,0.5090886203423968,,0.5221084394601787,0.6214026264319642,0.7087807959570436,0.2580053604175483,0.789716684155299,0.9916726104476429
ww10000407.png,540,960,0.6569944410190522,0.8752276234567902,453718,518400,0.8796918938745568,0.5810597396939498,0.5242876374242764,,0.5311766755720757,0.616703486696763,0.7375565610859729,0.2575847709696609,0.7931913519081937,0.9916978519460211
ww10000417.png,540,960,0.6417833631832949,0.9026388888888889,467928,518400,0.8498837309447937,0.5214847321265313,0.5414991036387422,,0.5379616681747141,0.5950644045187378,0.6404593639575972,0.2953929539295393,0.8007278904616245,0.9935764208973736
ww10000429.png,540,960,0.6636245004757497,0.9188657407407408,476340,518400,0.8576137112722478,0.47297297297297297,0.6808238743140645,,0.504853652779417,0.6889070557162621,0.6129893238434164,0.3999349170191995,0.7588277508457945,0.9956972455183725
ww10000453.png,540,960,0.647354967446085,0.915113811728395,474395,518400,0.8016032064128257,0.44876325088339225,0.6611889639412575,,0.4809531775118235,0.700925976065414,0.5798429319371727,0.40045766590389015,0.7567510686319334,0.9957084657270557
ww10000456.png,540,960,0.6496517300661796,0.91515625,474417,518400,0.7450523864959255,0.4857142857142857,0.6617316158486874,,0.4717051609288427,0.7120263075477608,0.5941101152368758,0.4205651864165281,0.7599882428005076,0.9959722696062032
ww10000467.png,540,960,0.6562241871139993,0.9164583333333334,475092,518400,0.7774140752864157,0.4506578947368421,0.6575806599310156,,0.46985303765909986,0.7105649662195241,0.6340933767643865,0.4202930242729062,0.7901573721596483,0.9954032769961566
ww10000471.png,540,960,0.6633598786789539,0.9159992283950618,474854,518400,0.807495741056218,0.458041958041958,0.656427449559019,,0.47854959755492615,0.7040404531531094,0.6452968996321597,0.41743119266055045,0.8073969183506936,0.9955586981019511
ww10000482.png,540,960,0.6577102288286941,0.9032561728395062,468248,518400,0.8137108792846498,0.34710743801652894,0.6655775716694773,,0.4757907123586476,0.7239874435341858,0.6559177888022679,0.46774193548387094,0.7744930220091497,0.9950652682994691
ww10000528.png,540,960,0.6868036800441392,0.8958005401234568,464383,518400,0.8479582971329279,0.4069767441860465,0.6719828552916843,,0.4566867664477226,0.7816216834400732,0.6528301886792452,0.6146921538119582,0.7550470095457242,0.9934374218618702
ww10000539.png,540,960,0.6896097179042394,0.901917438271605,467554,518400,0.8662033014769766,0.31456953642384106,0.7022691507183105,,0.4362497774084407,0.8048502604166666,0.6988752556237219,0.6077303577591165,0.7827599926032601,0.9929798287078204
ww10000552.png,540,960,0.6052316417508373,0.9051388888888889,469224,518400,0.1111111111111111,0.356401384083045,0.7190073917634636,,0.4341843145667964,0.8307948291309356,0.6964769647696477,0.5164296998420221,0.7894630788417447,0.9932160016487692
ww10000563.png,540,960,0.6121366285214972,0.9041628086419753,468718,518400,0.19047619047619047,0.3402777777777778,0.7270590807236159,,0.43122401149164585,0.8285080197720165,0.7242302543507363,0.48759608665269044,0.7865190312908765,0.9933392041579252
ww10000575.png,540,960,0.6061114633319151,0.9022781635802469,467741,518400,0.058823529411764705,0.3857677902621723,0.7225486925504888,,0.4303099677681718,0.8328832208052013,0.7361331220285261,0.5233431276526281,0.7723673570241251,0.9928263624841571
ww10000587.png,540,960,0.5895522911307085,0.8875057870370371,460083,518400,0.0,0.3150684931506849,0.6885706832082089,,0.4390970352076844,0.8177172503242542,0.7670329670329671,0.5579759166553917,0.7283093307791423,0.9921989438180429
ww10000592.png,540,960,0.6040448063862978,0.8849807098765432,458774,518400,0.0,0.3870967741935484,0.6878115088355233,,0.4467691499773232,0.812731784103946,0.795422435716304,0.5755237045203969,0.7402204417403971,0.9908274583892407
ww10000615.png,540,960,0.7021724173769519,0.8948495370370371,463890,518400,,0.44680851063829785,0.750666917151982,,0.4737185233477304,0.787343875906527,0.8011117974058061,0.6241704505763186,0.7442293915514164,0.9893298724375362
ww10000623.png,540,960,0.5726992563262441,0.8957638888888889,464364,518400,0.0,0.34959349593495936,0.7252592459389798,,0.4556741555079735,0.8160922002527795,0.36086956521739133,0.7222584619844894,0.7349424356075951,0.9896037464920282
ww10000636.png,540,960,0.5668788454441382,0.8950462962962963,463992,518400,0.0,0.376,0.7065845704665591,,0.41676204244724213,0.8123069199876429,0.35294117647058826,0.7359380045205037,0.7125510658702531,0.9888258292344558
ww10000646.png,540,960,0.6417776094784943,0.9061689814814815,469758,518400,0.6989690721649484,0.30227272727272725,0.7601539617946658,,0.4259053744932394,0.8315700445948024,0.33170731707317075,0.7542694167159403,0.6805658457556629,0.9905847254412908
ww10000647.png,540,960,0.6463913926865276,0.9054070216049382,469363,518400,0.6924731182795699,0.381294964028777,0.7438757136276714,,0.42262920999534376,0.8395386755620708,0.30823529411764705,0.7574674579494409,0.6811634130982368,0.9908446875199898
ww10000649.png,540,960,0.6508032021420478,0.9015316358024691,467354,518400,0.7294117647058823,0.42675585284280937,0.7121550224789157,,0.43472446888816996,0.8383727624112504,0.32644628099173556,0.728742222764426,0.6693733365593999,0.9912471076358413
ww10000659.png,540,960,0.6550525446041381,0.9084085648148148,470919,518400,0.8238095238095238,0.4541176470588235,0.6437893204388291,,0.4198066883754587,0.8363842176648753,0.3303437967115097,0.6990913153582601,0.6975477416756746,0.9905826503442882
ww10000673.png,540,960,0.5935956170150081,0.8949228395061728,463928,518400,0.8172043010752689,0.46180215475024483,0.5478243331820702,,0.32952681952353974,0.828669175983321,0.42915531335149865,0.49410377358490565,0.4428860561729929,0.991188625511231
